{"Gesture_1": [0.02655062319603315, 0.9996474700652738, -0.16532354457677853, 0.8338418584310603, -0.3104713700853199, 0.5782743405648525, -0.3964824821341884, 0.3677266867574205, -0.4660259900723901, 0.17949739108976467, -0.155044532267358, 0.1734928215102824, -0.26647773794143553, -0.16127003071598034, -0.3407287171422146, -0.36696474429071474, -0.39962576451177145, -0.5302858572030124, 0.017638860223261252, 0.14518161874899818, -0.016722222124591856, -0.2635041125828682, -0.03234960382314381, -0.521798974910728, -0.03849189197679723, -0.7225391981930225, 0.18490313612070158, 0.20524917463495915, 0.18307265158002273, -0.16156971269267598, 0.1853395430310621, -0.4043858419417241, 0.18561875601332828, -0.6017621946540402, 0.3483472617276773, 0.34249894921524093, 0.4404925140780477, 0.12450078016358027, 0.4898853900049853, -0.039268663345153276, 0.5258951206808671, -0.17656176065150908], "Gesture_2": [0.08072755060451829, 0.9967362051081495, -0.18878760338242165, 0.8618660706422168, -0.39079798449355024, 0.47104214832163865, -0.38101862561703614, 0.1570243217874272, -0.19421854904189575, 0.1944653937188346, -0.16786867333103592, -0.0009793252845400966, -0.18297575257078919, -0.44161230982710803, -0.2227929108413605, -0.277134798789057, -0.2142453992269266, -0.037914555173881155, -0.005977889181292399, -0.024088840865988653, -0.007349147729062545, -0.5117140940303352, -0.055676869814308416, -0.3501672672329907, -0.04951420535753808, -0.1165101433650879, 0.15648691903275377, 0.033172249752827565, 0.1978615984705007, -0.4449101866344952, 0.1442168213662761, -0.31557917489124954, 0.1208494329968163, -0.1002649195306854, 0.3283326593341564, 0.15505732758168136, 0.40492621004561874, -0.1649620405299374, 0.34156987518196424, -0.11883709293962341, 0.28625254355461216, 0.03531103218219683], "Gesture_3": [0.9206831284250478, 0.3903108722972844, 0.743809310979555, -0.10126293194601411, 0.4210466579694737, -0.34195821206380833, 0.14765660631630192, -0.24676375407150158, -0.0032468811949286024, -0.024196293127010087, 0.23495920836028517, -0.4231061618069213, -0.24156937478187268, -0.420281677022509, -0.49561316071221706, -0.3971750549703073, -0.7009633688040787, -0.38443176577200705, 0.15903510041793828, -0.09464561579438972, -0.31904005368202754, -0.1537354232783499, -0.613907070943177, -0.19990607025519994, -0.8244908211717822, -0.22975484756551945, 0.1331495429850448, 0.23303679457124912, -0.14690295246973378, 0.21183987344540525, 0.000879557379162732, 0.19818222214278877, 0.15397574257505198, 0.20542035979697473, 0.1463685703999819, 0.5233834552668721, -0.01847683043338038, 0.4377290668315917, 0.09589350477153989, 0.4107811117322902, 0.20675358361381072, 0.40653405158908706], "Hello": [0.05150717814723141, 0.9986726243365788, -0.13590833415259995, 0.8728502432596821, -0.2788725502300639, 0.5698098371313106, -0.3660338915985428, 0.32204294141029766, -0.4478511793995907, 0.13875552880996792, -0.12045594830309916, 0.11804803030178083, -0.1812662710945546, -0.20334823817720832, -0.2139673066581332, -0.41515475116977557, -0.2332495030222118, -0.5892813571981649, 0.010597356930225899, 0.0871777218670582, 0.015263169175496149, -0.26703656462227016, 0.017884731893660334, -0.4913918799344502, 0.018554089827823753, -0.657594931984268, 0.12966793501403573, 0.14617519133442344, 0.14609706542816323, -0.15519749248340522, 0.1488016824726643, -0.34513899080885074, 0.14747152890602166, -0.503225516005889, 0.23734337390140953, 0.2743646207119211, 0.3114794208615491, 0.12450828692252021, 0.35321850099667074, 0.030758789551893984, 0.3897189509038482, -0.055794093253150476], "Thank you": [0.1723626522593831, 0.8223414693712905, 0.2560107848488757, 0.4360125710298443, 0.23833676350940372, 0.12986897368732586, 0.1341096547509046, -0.04561235008073534, 0.02416468852781273, -0.09373845122809782, 0.17132327171186093, -0.09663935980732577, 0.1381632388862411, -0.530950464519604, 0.12329276322799321, -0.7948008834224483, 0.11023905395743369, -0.9939051015980198, 0.04188245994872539, -0.05534636386532804, -0.0700517440813761, -0.17521400029356046, -0.06895622181084907, -0.025030845005287135, -0.025735693379018255, 0.08407199537273205, -0.0760184459398282, 0.0669993479850868, -0.1607901716613502, -0.005880448085174205, -0.13894901828731127, 0.12161563462432497, -0.09398809644233018, 0.21919652436349799, -0.17587990350809002, 0.21534778164993593, -0.23408420260675508, 0.13006749284299615, -0.2022202343324859, 0.2467659037185405, -0.16321159957923945, 0.34483057326000305]}
