{"Gesture_1": [0.02655062319603315, 0.9996474700652738, -0.16532354457677853, 0.8338418584310603, -0.3104713700853199, 0.5782743405648525, -0.3964824821341884, 0.3677266867574205, -0.4660259900723901, 0.17949739108976467, -0.155044532267358, 0.1734928215102824, -0.26647773794143553, -0.16127003071598034, -0.3407287171422146, -0.36696474429071474, -0.39962576451177145, -0.5302858572030124, 0.017638860223261252, 0.14518161874899818, -0.016722222124591856, -0.2635041125828682, -0.03234960382314381, -0.521798974910728, -0.03849189197679723, -0.7225391981930225, 0.18490313612070158, 0.20524917463495915, 0.18307265158002273, -0.16156971269267598, 0.1853395430310621, -0.4043858419417241, 0.18561875601332828, -0.6017621946540402, 0.3483472617276773, 0.34249894921524093, 0.4404925140780477, 0.12450078016358027, 0.4898853900049853, -0.039268663345153276, 0.5258951206808671, -0.17656176065150908], "Gesture_2": [0.08072755060451829, 0.9967362051081495, -0.18878760338242165, 0.8618660706422168, -0.39079798449355024, 0.47104214832163865, -0.38101862561703614, 0.1570243217874272, -0.19421854904189575, 0.1944653937188346, -0.16786867333103592, -0.0009793252845400966, -0.18297575257078919, -0.44161230982710803, -0.2227929108413605, -0.277134798789057, -0.2142453992269266, -0.037914555173881155, -0.005977889181292399, -0.024088840865988653, -0.007349147729062545, -0.5117140940303352, -0.055676869814308416, -0.3501672672329907, -0.04951420535753808, -0.1165101433650879, 0.15648691903275377, 0.033172249752827565, 0.1978615984705007, -0.4449101866344952, 0.1442168213662761, -0.31557917489124954, 0.1208494329968163, -0.1002649195306854, 0.3283326593341564, 0.15505732758168136, 0.40492621004561874, -0.1649620405299374, 0.34156987518196424, -0.11883709293962341, 0.28625254355461216, 0.03531103218219683], "Gesture_3": [0.9206831284250478, 0.3903108722972844, 0.743809310979555, -0.10126293194601411, 0.4210466579694737, -0.34195821206380833, 0.14765660631630192, -0.24676375407150158, -0.0032468811949286024, -0.024196293127010087, 0.23495920836028517, -0.4231061618069213, -0.24156937478187268, -0.420281677022509, -0.49561316071221706, -0.3971750549703073, -0.7009633688040787, -0.38443176577200705, 0.15903510041793828, -0.09464561579438972, -0.31904005368202754, -0.1537354232783499, -0.613907070943177, -0.19990607025519994, -0.8244908211717822, -0.22975484756551945, 0.1331495429850448, 0.23303679457124912, -0.14690295246973378, 0.21183987344540525, 0.000879557379162732, 0.19818222214278877, 0.15397574257505198, 0.20542035979697473, 0.1463685703999819, 0.5233834552668721, -0.01847683043338038, 0.4377290668315917, 0.09589350477153989, 0.4107811117322902, 0.20675358361381072, 0.40653405158908706], "Hello": [0.03609246513984655, 0.9993484547244414, -0.13726528382545058, 0.8701757051542385, -0.25685983254394, 0.5908017171891323, -0.32429376918768016, 0.34583064229626836, -0.3962639735520927, 0.15867198147593184, -0.11537666959904194, 0.16766712666108385, -0.1740290203107926, -0.15307763132853916, -0.211404938958573, -0.3662945167272823, -0.23762908992865392, -0.5542738717725985, 0.008472135064156392, 0.12730684625886743, 0.014627184026797056, -0.24713686544694666, 0.014887114343792541, -0.49445267583280506, 0.013955697374558719, -0.6997161351606657, 0.1190872059183807, 0.17511720061729913, 0.1369315483598863, -0.14900391759834536, 0.13821016998394176, -0.3688465024851627, 0.13486262080438338, -0.5650950484646047, 0.22169217495703783, 0.29302230742512253, 0.2945145133380084, 0.09518210885330163, 0.34115391947230506, -0.04580169766950442, 0.3786358291231322, -0.179425228169232], "Thank you": [0.16225998320578514, 0.7596263991174211, 0.21829754860457065, 0.3578227073629714, 0.1549228019073549, 0.0717762686068672, 0.049943704757658434, -0.013775040907096145, -0.05370974038966774, 0.013383993211506255, 0.1429855531543926, -0.16380958422000827, 0.10204831919505492, -0.5644767356560774, 0.07530183238009472, -0.812972458758982, 0.05389557788870787, -0.9985465771229916, 0.012595302302165035, -0.12717736388363776, -0.025828583470770022, -0.12961766369414213, -0.003735630240893926, -0.003733089473373297, 0.03640313216382106, 0.0856796628026811, -0.09204231569273, 0.006389391194020511, -0.100687987025699, 0.07925250584977843, -0.06898895233997483, 0.1738290302160616, -0.03292131674021546, 0.24884795206173224, -0.18428360229516969, 0.16126250930927705, -0.18249996777944938, 0.20013370637197458, -0.1475301480578355, 0.291498302451021, -0.11642551152719902, 0.3646060851609923]}
