{"Gesture_1": [0.02655062319603315, 0.9996474700652738, -0.16532354457677853, 0.8338418584310603, -0.3104713700853199, 0.5782743405648525, -0.3964824821341884, 0.3677266867574205, -0.4660259900723901, 0.17949739108976467, -0.155044532267358, 0.1734928215102824, -0.26647773794143553, -0.16127003071598034, -0.3407287171422146, -0.36696474429071474, -0.39962576451177145, -0.5302858572030124, 0.017638860223261252, 0.14518161874899818, -0.016722222124591856, -0.2635041125828682, -0.03234960382314381, -0.521798974910728, -0.03849189197679723, -0.7225391981930225, 0.18490313612070158, 0.20524917463495915, 0.18307265158002273, -0.16156971269267598, 0.1853395430310621, -0.4043858419417241, 0.18561875601332828, -0.6017621946540402, 0.3483472617276773, 0.34249894921524093, 0.4404925140780477, 0.12450078016358027, 0.4898853900049853, -0.039268663345153276, 0.5258951206808671, -0.17656176065150908], "Gesture_2": [0.08072755060451829, 0.9967362051081495, -0.18878760338242165, 0.8618660706422168, -0.39079798449355024, 0.47104214832163865, -0.38101862561703614, 0.1570243217874272, -0.19421854904189575, 0.1944653937188346, -0.16786867333103592, -0.0009793252845400966, -0.18297575257078919, -0.44161230982710803, -0.2227929108413605, -0.277134798789057, -0.2142453992269266, -0.037914555173881155, -0.005977889181292399, -0.024088840865988653, -0.007349147729062545, -0.5117140940303352, -0.055676869814308416, -0.3501672672329907, -0.04951420535753808, -0.1165101433650879, 0.15648691903275377, 0.033172249752827565, 0.1978615984705007, -0.4449101866344952, 0.1442168213662761, -0.31557917489124954, 0.1208494329968163, -0.1002649195306854, 0.3283326593341564, 0.15505732758168136, 0.40492621004561874, -0.1649620405299374, 0.34156987518196424, -0.11883709293962341, 0.28625254355461216, 0.03531103218219683], "Gesture_3": [0.9206831284250478, 0.3903108722972844, 0.743809310979555, -0.10126293194601411, 0.4210466579694737, -0.34195821206380833, 0.14765660631630192, -0.24676375407150158, -0.0032468811949286024, -0.024196293127010087, 0.23495920836028517, -0.4231061618069213, -0.24156937478187268, -0.420281677022509, -0.49561316071221706, -0.3971750549703073, -0.7009633688040787, -0.38443176577200705, 0.15903510041793828, -0.09464561579438972, -0.31904005368202754, -0.1537354232783499, -0.613907070943177, -0.19990607025519994, -0.8244908211717822, -0.22975484756551945, 0.1331495429850448, 0.23303679457124912, -0.14690295246973378, 0.21183987344540525, 0.000879557379162732, 0.19818222214278877, 0.15397574257505198, 0.20542035979697473, 0.1463685703999819, 0.5233834552668721, -0.01847683043338038, 0.4377290668315917, 0.09589350477153989, 0.4107811117322902, 0.20675358361381072, 0.40653405158908706], "Hello": [0.03609246513984655, 0.9993484547244414, -0.13726528382545058, 0.8701757051542385, -0.25685983254394, 0.5908017171891323, -0.32429376918768016, 0.34583064229626836, -0.3962639735520927, 0.15867198147593184, -0.11537666959904194, 0.16766712666108385, -0.1740290203107926, -0.15307763132853916, -0.211404938958573, -0.3662945167272823, -0.23762908992865392, -0.5542738717725985, 0.008472135064156392, 0.12730684625886743, 0.014627184026797056, -0.24713686544694666, 0.014887114343792541, -0.49445267583280506, 0.013955697374558719, -0.6997161351606657, 0.1190872059183807, 0.17511720061729913, 0.1369315483598863, -0.14900391759834536, 0.13821016998394176, -0.3688465024851627, 0.13486262080438338, -0.5650950484646047, 0.22169217495703783, 0.29302230742512253, 0.2945145133380084, 0.09518210885330163, 0.34115391947230506, -0.04580169766950442, 0.3786358291231322, -0.179425228169232], "Thank you": [0.02222321171119535, 0.9775393970670411, 0.15891945620984424, 0.6594895875054205, 0.2178733516083421, 0.19619639163711095, 0.18648894031697494, -0.2085913445509116, 0.13088291125882617, -0.4783064457535839, 0.2517270247538193, 0.1836251481564677, 0.14122164688674707, -0.34721099145115186, 0.09510547753626379, -0.24745840008280864, 0.10736689921478852, -0.08155903304990463, 0.10196811999706284, 0.2619817682284491, 0.02006914429161051, -0.39398118925327497, -0.01692966786473708, -0.7394547054960583, -0.04344898142410876, -0.999055647105409, -0.06158770478004744, 0.35269902459073194, -0.1618027007108589, -0.17132712435367403, -0.13959241742939132, -0.01768595541985071, -0.11107806636967255, 0.15872908593490087, -0.21895443611240945, 0.452508565862586, -0.2513462159800291, 0.008706922190217101, -0.22553143361692002, 0.13866696017737082, -0.20357455949730086, 0.294487985166331]}
